{
  "display_name": "Model 2: TF-IDF + GridSearchCV",
  "accuracy": 0.9544722588200849,
  "training_time_minutes": 0.5,
  "timestamp": "2025-05-29T16:24:35.642012",
  "model_id": "model2_pipeline_selection",
  "model_architecture": "Pipeline(TFIDF + GridSearchCV + LR, SVC, NB...)",
  "preprocessing_type": "TF-IDF vectorization",
  "hyperparameters": {
    "clf": "LogisticRegression(max_iter=1000)",
    "clf__C": 10,
    "tfidf__max_df": 0.7,
    "tfidf__min_df": 1,
    "tfidf__ngram_range": [
      1,
      2
    ]
  },
  "dataset_info": {
    "train_samples": 27321,
    "test_samples": 6831
  },
  "train_accuracy": 0.9995607774239595,
  "test_accuracy": 0.9544722588200849,
  "confusion_matrix": [
    [
      3370,
      159
    ],
    [
      152,
      3150
    ]
  ],
  "classification_report": {
    "0": {
      "precision": 0.9568427030096536,
      "recall": 0.9549447435534145,
      "f1-score": 0.9558927811657921,
      "support": 3529.0
    },
    "1": {
      "precision": 0.9519492293744334,
      "recall": 0.9539672925499697,
      "f1-score": 0.9529571925578582,
      "support": 3302.0
    },
    "accuracy": 0.9544722588200849,
    "macro avg": {
      "precision": 0.9543959661920435,
      "recall": 0.9544560180516921,
      "f1-score": 0.9544249868618251,
      "support": 6831.0
    },
    "weighted avg": {
      "precision": 0.9544772733590172,
      "recall": 0.9544722588200849,
      "f1-score": 0.9544737629278478,
      "support": 6831.0
    }
  }
}