{
  "display_name": "Model 6b: GloVe + Mean Pooling + Logistic Regression",
  "accuracy": 0.8896208461425853,
  "training_time_minutes": 0.0022370219230651855,
  "timestamp": "2025-05-29T16:34:38.778816",
  "model_id": "model6b_glove_pooling_lr",
  "model_architecture": "Logistic Regression with GloVe embeddings and mean pooling",
  "preprocessing_type": "glove_embeddings_pooling",
  "hyperparameters": {
    "glove_dimensions": 100,
    "pooling_method": "mean",
    "C": 1.0,
    "max_iter": 1000,
    "random_state": null
  },
  "dataset_info": {
    "training_samples": 27321,
    "test_samples": 6831,
    "embedding_dimensions": 100,
    "glove_vocab_size": 400000
  },
  "train_accuracy": 0.8823249515025072,
  "test_accuracy": 0.8896208461425853,
  "confusion_matrix": [
    [
      3159,
      370
    ],
    [
      384,
      2918
    ]
  ],
  "classification_report": {
    "0": {
      "precision": 0.8916172734970365,
      "recall": 0.8951544346840464,
      "f1-score": 0.8933823529411765,
      "support": 3529.0
    },
    "1": {
      "precision": 0.8874695863746959,
      "recall": 0.8837068443367656,
      "f1-score": 0.8855842185128984,
      "support": 3302.0
    },
    "accuracy": 0.8896208461425853,
    "macro avg": {
      "precision": 0.8895434299358662,
      "recall": 0.889430639510406,
      "f1-score": 0.8894832857270374,
      "support": 6831.0
    },
    "weighted avg": {
      "precision": 0.8896123455394944,
      "recall": 0.8896208461425853,
      "f1-score": 0.8896128550811011,
      "support": 6831.0
    }
  }
}