{
  "display_name": "Logistic Regression",
  "accuracy": 0.9399254889785781,
  "training_time_minutes": 0.004628435770670573,
  "timestamp": "2025-05-30T11:27:09.649188",
  "model_id": "NLPModel1_LoR",
  "model_architecture": "Logistic Regression with TF-IDF Vectorization",
  "preprocessing_type": "NLP Basic PreProcessing",
  "train_accuracy": 0.9627775190187859,
  "classification_report": {
    "0": {
      "precision": 0.9472030169704588,
      "recall": 0.9322610578410145,
      "f1-score": 0.9396726422447389,
      "support": 3233.0
    },
    "1": {
      "precision": 0.9328220858895706,
      "recall": 0.9476472421315052,
      "f1-score": 0.9401762250734271,
      "support": 3209.0
    },
    "accuracy": 0.9399254889785781,
    "macro avg": {
      "precision": 0.9400125514300147,
      "recall": 0.9399541499862598,
      "f1-score": 0.9399244336590831,
      "support": 6442.0
    },
    "weighted avg": {
      "precision": 0.9400393398766106,
      "recall": 0.9399254889785781,
      "f1-score": 0.9399234955973096,
      "support": 6442.0
    }
  }
}