{
  "display_name": "Simple BERT",
  "accuracy": 0.958717610891524,
  "training_time_minutes": 1.1685645858446756,
  "timestamp": "2025-05-30T09:41:03.438383",
  "model_id": "simple_bert",
  "model_architecture": "Frozen BERT + LogisticRegression (768 features)",
  "preprocessing_type": "minimal_cleaning",
  "hyperparameters": {
    "bert_model": "bert-base-uncased",
    "max_length": 39,
    "classifier": "LogisticRegression",
    "max_iter": 1000,
    "random_state": 42,
    "C": 1.0
  },
  "dataset_info": {
    "training_samples": 27320,
    "validation_samples": 6831,
    "feature_dimension": 768,
    "bert_parameters_frozen": 109482240,
    "classifier_parameters": 769,
    "feature_extraction_time_minutes": 1.1450805028279623,
    "classifier_training_time_seconds": 1.4090449810028076
  },
  "train_accuracy": 0.965519765739385,
  "test_accuracy": 0.958717610891524,
  "confusion_matrix": [
    [
      3355,
      160
    ],
    [
      122,
      3194
    ]
  ],
  "classification_report": {
    "0": {
      "precision": 0.9649122807017544,
      "recall": 0.9544807965860598,
      "f1-score": 0.9596681922196796,
      "support": 3515.0
    },
    "1": {
      "precision": 0.9522957662492546,
      "recall": 0.9632086851628469,
      "f1-score": 0.9577211394302848,
      "support": 3316.0
    },
    "accuracy": 0.958717610891524,
    "macro avg": {
      "precision": 0.9586040234755044,
      "recall": 0.9588447408744534,
      "f1-score": 0.9586946658249822,
      "support": 6831.0
    },
    "weighted avg": {
      "precision": 0.958787794985975,
      "recall": 0.958717610891524,
      "f1-score": 0.9587230264972915,
      "support": 6831.0
    }
  }
}